1,Neon Party CDMX,2026-07-10,22:00:00,Reforma 100,Ciudad de México,,3
2,Summer Festival,2026-07-15,18:00:00,Parque Bicentenario,Ciudad de México,,3
3,Noche Reggaeton,2026-07-20,23:00:00,Zona Rosa,Ciudad de México,,6
4,Pool Party VIP,2026-07-25,14:00:00,Bosques,Ciudad de México,,9
5,After Techno,2026-08-01,01:00:00,Polanco,Ciudad de México,,3
6,Festival Eclipse,2026-08-08,19:00:00,Foro Sol,Ciudad de México,,10
7,White Party,2026-08-15,21:00:00,Santa Fe,Ciudad de México,,6
8,Noche Latina,2026-08-22,22:30:00,Coyoacán,Ciudad de México,,9
9,Urban Beats,2026-09-01,17:00:00,Fundidora,Monterrey,,3
10,Fiesta Universitaria,2026-09-10,20:00:00,Centro,Puebla,,10
11,ENANITOS FEST,2026-06-18,19:07:00,ssqjnehuwd,AJSJKA,https://res.cloudinary.com/dkrubq7db/image/upload/v1782169541/mantra/eventos/ngpkvbyicn61utgcqrow.jpg,6
