1,Owner MANTRA,owner@mantra.com,123456,30,Administrador,,f
2,Julio Milan,julio@mantra.com,123456,21,Me gustan las fiestas electrónicas,,f
3,Andrea Ruiz,andrea@mantra.com,123456,22,Organizadora de eventos,,f
4,Carlos Pérez,carlos@mantra.com,123456,23,Fan del reggaeton,,f
5,Fernanda Soto,fernanda@mantra.com,123456,21,Siempre buscando festivales,,f
6,Luis Torres,luis@mantra.com,123456,24,DJ amateur,,f
7,Sofía Morales,sofia@mantra.com,123456,22,Me encantan los conciertos,,f
8,Miguel Herrera,miguel@mantra.com,123456,25,Fan de la música electrónica,,f
9,Valeria Díaz,valeria@mantra.com,123456,21,Organizadora de experiencias VIP,,f
10,Ricardo López,ricardo@mantra.com,123456,27,Promotor de eventos,,f
11,Milan Ewok,milan.ewok@gmail.com,Julio121086,22,Cuenta de prueba,,t
12,User Organizador,user5@example.com,pass5,25,Cuenta organizador de prueba,,t
